Agenda Strasbourg Monday 10 January 2005 - Thursday 13 January 2005 Brussels Wednesday 26 January 2005 - Thursday 27 January 2005 -//EP//TEXT AGENDA 20050110 LEG DOC XML V0//EN -//EP//TEXT AGENDA 20050110 TOC DOC XML V0//EN -//EP//TEXT AGENDA 20050110 SIT DOC XML V0//EN -//EP//TEXT AGENDA 20050111 SIT DOC XML V0//EN -//EP//TEXT AGENDA 20050112 SIT DOC XML V0//EN -//EP//TEXT AGENDA 20050113 SIT DOC XML V0//EN -//EP//TEXT AGENDA 20050126 LEG DOC XML V0//EN -//EP//TEXT AGENDA 20050126 TOC DOC XML V0//EN -//EP//TEXT AGENDA 20050126 SIT DOC XML V0//EN -//EP//TEXT AGENDA 20050127 SIT DOC XML V0//EN