March 29 to May 17 and Tuesdays from July 5 to October 25 2016\n, as well as Fridays from July 1st to September 30 2016. ... On Fountain Show \ndays and on Musical Garden days, check if you are entitled to free admission \nbefore...", "related_links": null, "title": "Musical Fountains Show - Versailles"}, {"url": "/url?q=http://biblelight.net/feasts.htm&sa=U&ved=0ahUKEwju56OPzPfPAhXIOiYKHQNABnEQFgiqATAn&usg=AFQjCNEC9DMHjDggLYmgLLnWWdOk40pAYg", "snippet": "The 1st day of the first month (Abib/Nisan) was the first day of the Jewish religious \nyear. ... Abib* / Nisan, March-April, Ex 13:4, 23:15, Neh 2:1 ... Sivan, May-June, \nEst 8:9 ... Ab / Av, July-August, - ... Ethanim* / Tishri, September-October, 1 Ki 8:2.", "related_links": null, "title": "THE BIBLICAL FEAST DAYS - GOD'S CALENDAR - Bible Light"}, {"url": "/url?q=http://www.holland.com/global/tourism/article/public-holidays.htm&sa=U&ved=0ahUKEwju56OPzPfPAhXIOiYKHQNABnEQFgiuATAo&usg=AFQjCNFt5MwCnmCy2MBk-XQCoY3rECdNcA", "snippet": "The day before Easter, Good Friday, is a national holiday but some people still \nhave to ... On May 5, Liberation Day is celebrated with concerts and festivals, \nsuch as ... Summer holidays: Northern provinces, 16 July - 28 August 2016 ... \nAutumn Holidays: Northern provinces and Central Holland, 17 October - 25 \nOctober 2016.", "related_links": null, "title": "Public Holidays - Holland.com"}, {"url": "/url?q=http://www.rochester.edu/diversity/multicultural-holidays/&sa=U&ved=0ahUKEwju56OPzPfPAhXIOiYKHQNABnEQFgizATAp&usg=AFQjCNGGwpKE-JGUYha1icKmEoHotJOREQ", "snippet": "Feb 8, 2016 ... January, February, March, April, May, June, July, August, September, October, ... \nDuring the seven days of the holiday, people visit one another's homes to offer \ngood wishes ... 15: Makar Sankranti (Varhsa-Pratipada)Hindu.", "related_links": null, "title": "Multicultural & Religious Holidays | Diversity at the University"}, {"url": "/url?q=http://www.japan-guide.com/e/e2062.html&sa=U&ved=0ahUKEwju56OPzPfPAhXIOiYKHQNABnEQFgi4ATAq&usg=AFQjCNGTnhPFbyFgE0ckRDwef4HlkQb1qQ", "snippet": "May 3, 2014 ... ... into a holiday. Likewise, a day sandwiched between two national holidays is \nturned into a holiday. ... Around March 20 (national holiday) ... Before 2007, April \n29 was known as Greenery Day (now celebrated on May 4). Showa ... July/\nAugust 13-15. Obon: ... Second Monday of October (national holiday)", "related_links": null, "title": "Japanese Holidays"}, {"url": "/url?q=http://www.visitcrawford.org/public/events/&sa=U&ved=0ahUKEwju56OPzPfPAhXIOiYKHQNABnEQFgi9ATAr&usg=AFQjCNFVWnKvfLyFAYvd3YJ3X-yihN-Teg", "snippet": "March 10, April 14, May 19, November 17, 2016 ~ Drake Well Museum, 202 ... \nMarch 26, April 30, May 28, June25, July 30, August 27,September 24, October \n29, 2016 ~ Drake Well Museum, 202 ... Opening Day of the Oil Creek and \nTitusville Railroad .... October 14, 15, 16, 2016 ~ Conneaut Lake Park, Conneaut \nLake PA.", "related_links": null, "title": "Events | Crawford County Convention and Visitors Bureau | Visit ..."}, {"url": "/url?q=http://www.lanl.gov/careers/employees-retirees/_assets/docs/lanl-calendar.pdf&sa=U&ved=0ahUKEwju56OPzPfPAhXIOiYKHQNABnEQFgjBATAs&usg=AFQjCNHgaOjuJdg2p-24FlabRGFIede0Pg", "snippet": "OCTOBER ... 15. 9. 23. 30. 22. 29. 31. 247. 248. 255. 249. 256. 263. 262. 250. \n251. 264. 260. 261 .... If an employee has a scheduled day off on an observed \nholiday, the work day immediately before or following the holiday may be \nobserved.", "related_links": null, "title": "LANL Calendar (pdf) - Los Alamos National Laboratory"}, {"url": "/url?q=http://welcome.topuertorico.org/reference/holi.shtml&sa=U&ved=0ahUKEwju56OPzPfPAhXIOiYKHQNABnEQFgjFATAt&usg=AFQjCNHJmFZQ6hv2ObuhkBHOrM63f4wkiw", "snippet": "February 15, Da de los Presidentes (Presidents' Day) ... March 22, Da de la \nAbolicin de la Esclavitud (Emancipation Day) ... May 8, Da de las Madres (\nMother's Day) ... July 18, Conmemoracin del Natalicio de Luis Muoz Rivera (\nLuis Muoz Rivera's Birthday) ... October 12, Descubrimiento de Amrica (\nColumbus Day).", "related_links": null, "title": "Puerto Rican Public Holidays in 2016 - Puerto Rico!"}, {"url": "/url?q=https://www.theknot.com/content/wedding-dates-to-avoid&sa=U&ved=0ahUKEwju56OPzPfPAhXIOiYKHQNABnEQFgjIATAu&usg=AFQjCNF0XX7RxFirHF3vbh0uz9IsagyZCQ", "snippet": "And if you're looking to marry around Valentine's Day, be wary of your floral bill, ...