Conmemoracin del Natalicio de Luis Muoz Rivera (\nLuis Muoz Rivera's Birthday) ... October 12, Descubrimiento de Amrica (\nColumbus Day).", "related_links": null, "title": "Puerto Rican Public Holidays in 2016 - Puerto Rico!"}, {"url": "/url?q=https://www.theknot.com/content/wedding-dates-to-avoid&sa=U&ved=0ahUKEwju56OPzPfPAhXIOiYKHQNABnEQFgjIATAu&usg=AFQjCNF0XX7RxFirHF3vbh0uz9IsagyZCQ", "snippet": "And if you're looking to marry around Valentine's Day, be wary of your floral bill, ... \nWednesday, July 4, 2018 ... Tuesday, October 11, 2016 until nightfall on \nWednesday, October 12, 2016 ... Eid al-Adha (dates may vary based on how \neach family observes; the holiday lasts for about four days) ... Wednesday, March \n15, 2017.", "related_links": null, "title": "Wedding Dates to Avoid in 2016, 2017 and 2018 - The Knot"}, {"url": "/url?q=http://www.statutoryholidays.com/2016.php&sa=U&ved=0ahUKEwju56OPzPfPAhXIOiYKHQNABnEQFgjMATAv&usg=AFQjCNGl6iGUy7gWcMlXGR-SSmIBddGMLw", "snippet": "The next holiday is Remembrance Day - Stat holiday except in NB, ON, QC & MB. \nin 18 days. ... Family Day, February 15, Monday (Feb 8 in BC), BC, AB, SK, ON ... \nGood Friday, March 25, Friday, National except QC ... Victoria Day, May 23, \nMonday, National except NB, NS, NL ... Canada Day, July 1, Friday, National.", "related_links": null, "title": "Canadian statutory holidays in 2016 - Statutory Holidays in Canada"}, {"url": "/url?q=http://www.blackfacts.com/&sa=U&ved=0ahUKEwju56OPzPfPAhXIOiYKHQNABnEQFgjQATAw&usg=AFQjCNHSznNpT2oleoAbnaUL7XEcfg-7cw", "snippet": "Any Month; January; February; March; April; May; June; July; August ... Black \nFacts for Today - October 25th ... and A. Phillip Randolph, participated in the \nYouth March for Integrated Schools in Washington. ... Born: October 25, 1925 \nBirthplace: Phoenix, Arizona Emmett W. Chappelle ... Register to receive Facts of \nthe day.", "related_links": null, "title": "Black Facts for Today - October 25th"}, {"url": "/url?q=http://www.jnto.go.jp/eng/location/festivals/&sa=U&ved=0ahUKEwju56OPzPfPAhXIOiYKHQNABnEQFgjUATAx&usg=AFQjCNEJTw7k9FbbNl5GtV6J6Hf-kEE6aQ", "snippet": "Index: January February March April May June July August September October ... \nThe Sunday closest to January 15th ... For 7 days, starting in the second week...", "related_links": null, "title": "Japan National Tourism Organization | Suggested Itineraries ..."}, {"url": "/url?q=http://www.budapestbylocals.com/budapest-weather.html&sa=U&ved=0ahUKEwju56OPzPfPAhXIOiYKHQNABnEQFgjYATAy&usg=AFQjCNHcQ7P56fnU4AdogKNHGeEP49SjyA", "snippet": "Mar 10, 2014 ... 15th March is a National Holiday in Hungary when we ... Daily temperature can \ngo well over 30C (86F), especially in July and August.", "related_links": null, "title": "Budapest Weather-Advice on Best Time to Visit"}, {"url": "/url?q=https://www.ttc.ca/Routes/General_Information/Service_Details.jsp&sa=U&ved=0ahUKEwju56OPzPfPAhXIOiYKHQNABnEQFgjdATAz&usg=AFQjCNGO_2JY0CEssYUnGzQXWHCg3VLmtw", "snippet": "February 15, 2016 - Family Day - Holiday service. March 25, 2016 - Good Friday - \nHoliday service. May 23, 2016 - Victoria Day - Holiday service. July 1, 2016 - \nCanada Day - Holiday service. August 1, 2016 - Simcoe Day ... October 10, 2016 \n- Thanksgiving Day - Holiday service. December 25, 2016 - Christmas Day...", "related_links": null, "title": "TTC Service Details"}, {"url": "/url?q=http://business.nasdaq.com/discover/events/trading-hours&sa=U&ved=0ahUKEwju56OPzPfPAhXIOiYKHQNABnEQFgjhATA0&usg=AFQjCNGSP98-L-GfhEZY0rDv7NJOpUUtBQ", "snippet": "Information on Nasdaq market opening and closing days and hours in the U.S. ... \nthe National Investor Relations Institute annual conferences, as well as many \nother ... 15 February 2016 ... 4 July 2016 ... Half Day Trading: 5 January, 24 \nMarch, 4 May, 4 November ... Equity Market Insight from Nasdaq MID - October \n21, 2016.", "related_links": null, "title": "Market Calendar & Trading Hours -- Nasdaq Markets"}, {"url": "/url?q=http://www.health.gov.au/calendar&sa=U&ved=0ahUKEwju56OPzPfPAhXIOiYKHQNABnEQFgjkATA1&usg=AFQjCNGyxgdVCBeSt31MzAyTr14AfRGmLQ", "snippet": "Page last updated: 12 October 2016 ... 10 March - World Kidney Day - Worldwide \n- Kidney Health Australia ... 9-15 May - Pneumonia Awareness Week - \nNationwide - Lung Foundation ... 7 July - ASK-Y National Awareness Day - \nNationwide - ASK-Y