Archive"}, {"url": "/url?q=http://www.greecetravel.com/holidays/&sa=U&ved=0ahUKEwju56OPzPfPAhXIOiYKHQNABnEQFgifAjBE&usg=AFQjCNGJ2G_YyEV95wuonF954AWeE25ncQ", "snippet": "List of holidays,festivals, carnivals, saints days and celebrations in Greece. ... \nAlso some of the dates may be different from year to year so if an event ... August \n15th (Saint's day of the Virgin Mary), March 25th (Independence Day), .... July \n22nd: In the village of Skopelos in Lesvos they celebrate the day of Saint \nMagdeleni.", "related_links": null, "title": "Festivals, Celebrations and Holidays in Greece - Greece Travel Guide"}, {"url": "/url?q=http://www.miraclesalad.com/webtools/holidays.php&sa=U&ved=0ahUKEwju56OPzPfPAhXIOiYKHQNABnEQFgijAjBF&usg=AFQjCNGvPNT4Kca5gIr9_gBV4j3WMsMzXw", "snippet": "Friday, 03/25/2016, Prince Jonah Kuhio Kalanianaole Day ... Prince Jonah Kuhio \nKalanianaole Day: 26th day in March; Good Friday: Friday ... Memorial Day: Last \nMonday in May; King Kamehameha I Day: 11th day in June; Independence Day: \n4th day in July; Statehood Day: 3rd Friday in August; Labor Day: 1st Monday in...", "related_links": null, "title": "Hawaii State Holidays for 2016 - MiracleSalad.com"}, {"url": "/url?q=http://markets.on.nytimes.com/research/markets/holidays/holidays.asp&sa=U&ved=0ahUKEwju56OPzPfPAhXIOiYKHQNABnEQFginAjBG&usg=AFQjCNEd2rWOzRT7qm4BfRP3-C9s12OxcA", "snippet": "... York Times. Monday, October 24, 2016 ... 10/03/2016, Monday, National Day 3, \nShanghai Stock ExchangeChina. 10/04/ ... Date shown may vary by +/- 1 day.", "related_links": null, "title": "Market Holidays - NYTimes.com - The New York Times"}, {"url": "/url?q=http://www.australia.gov.au/about-australia/special-dates-and-events/public-holidays&sa=U&ved=0ahUKEwju56OPzPfPAhXIOiYKHQNABnEQFgiqAjBH&usg=AFQjCNEoSzHfbigZ5PkOPgJY3oQIB_TECQ", "snippet": "Our National Public Holidays are New Year's Day, Australia Day, Good Friday, .... \nAnzac Day. Mon1May. Labour Day. Mon2Oct. Queen's Birthday. Mon25Dec ... \nAustralia Day. Mon13Mar. March public holiday. Fri14Apr. Good Friday. Sat15Apr\n.", "related_links": null, "title": "Public holidays | australia.gov.au"}, {"url": "/url?q=https://www.ets.org/s/toefl/pdf/score_reporting_schedule_test_dates.pdf&sa=U&ved=0ahUKEwju56OPzPfPAhXIOiYKHQNABnEQFgiuAjBI&usg=AFQjCNFkDqWlfWJsuCiLsUvgIpbsStEZTA", "snippet": "Jan 9, 2016 ... Tuesday, March 15, 2016. Thursday, March ... Wednesday, May 4, 2016 ... \nWednesday, July 13, 2016*. Friday ... Wednesday, October 5, 2016.", "related_links": null, "title": "list of dates (PDF)"}, {"url": "/url?q=http://www.vindy.com/news/today/&sa=U&ved=0ahUKEwju56OPzPfPAhXIOiYKHQNABnEQFgizAjBJ&usg=AFQjCNHTLPidCbHCe6sEDdEXVYTlqMm_FQ", "snippet": "Monday's downtown Youngstown event was part of World Polio Day, set up to \nraise funds, awareness and support .... Youngstown police: Speed cameras may \nbe coming to U.S. Route 422 ... Good Evening Boardman event is Thursday at \nMagic Tree ... October 25th, 2016 at 01:15 PM ... Gourmet gala helps March of \nDimes.", "related_links": null, "title": "Youngstown news, Vindy.com for October 25, 2016"}, {"url": "/url?q=http://www.jewishgen.org/ForgottenCamps/General/TimeEng.html&sa=U&ved=0ahUKEwju56OPzPfPAhXIOiYKHQNABnEQFgi3AjBK&usg=AFQjCNH67zXKoUPUCHkV-QFRBiiaVnXZAg", "snippet": "March 3: Jewish doctors barred from practicing medicine in German institutions. \nMarch ... July 15: Buchenwald concentration camp opens. ... October 28: 17,000 \nPolish Jews living in Germany expelled; Poles refused to admit them; 8,000 are \n.... May 8: V-E Day: Germany surrenders; end of Third Reich; August 6: Bombing \nof...", "related_links": null, "title": "A Timeline of the Holocaust (1933 - 1945) - JewishGen"}, {"url": "/url?q=http://www.lacourt.org/page/ho0009&sa=U&ved=0ahUKEwju56OPzPfPAhXIOiYKHQNABnEQFgi7AjBL&usg=AFQjCNGRrTbScGXp3OdhXm1Uffom8IPqog", "snippet": "Thursday, March 31, 2016, Cesar Chavez Day. Monday, May 30, 2016, Memorial \nDay. Monday, July 4, 2016, Independence Day ... Monday, October 9, 2017, \nColumbus Day ... Monday, January 15, 2018, Martin Luther King, Jr. Birthday.", "related_links": null, "title": "Court Holidays - Courthouses in Los Angeles County - Contacts and ..."}, {"url": "/url?q=http://www.bbh.co.nz/in1/new-zealand-calendar-including-public-holidays&sa=U&ved=0ahUKEwju56OPzPfPAhXIOiYKHQNABnEQFgi-AjBM&usg=AFQjCNGpUxcbzi6rqlB4-0rdMT5A0VzkXA", "snippet": "Day after New Year's Day, Monday, 4, January. Wellington, Monday ... Good \nFriday, Friday, 25, March. Easter Monday ... Labour Day, Monday, 24, October ... \nMay. S, M, T, W, T, F, S. 1, 2, 3, 4, 5, 6, 7. 8, 9, 10, 11, 12, 13, 14. 15, 16, 17, 18, 19\n, 20, 21 ... July. S, M, T, W, T, F,