Medical Alley Day in .... \nGovernor Dayton proclaims Thursday, September 15, 2016 as Tribal Government \nGaming Day in ... October; September; August; July; June; May; April; March; \nFebruary...", "related_links": null, "title": "index / Office of Governor Mark Dayton and Lt. Governor Tina Smith"}, {"url": "/url?q=http://farmersalmanac.com/calendar/gardening/&sa=U&ved=0ahUKEwju56OPzPfPAhXIOiYKHQNABnEQFgj5AjBb&usg=AFQjCNGEPoPDmk0jkGpi-z1QkMOSDx-pIQ", "snippet": "A calendar of best days to garden and do other yard chores according to the \nFarmers' Almanac's 200-year-old ... To make sure you receive our emails \nproperly, you may want to add ... October 2016 ... 3rd-5th Good days for planting \npeas, squash, corn, tomatoes, and other ... 14th-15th Any seed planted now will \ntend to rot.", "related_links": null, "title": "Farmers' Almanac Gardening Calendar"}, {"url": "/url?q=http://www.cmegroup.com/tools-information/holiday-calendar.html&sa=U&ved=0ahUKEwju56OPzPfPAhXIOiYKHQNABnEQFgj9AjBc&usg=AFQjCNFYszhzc5D_fpydZDv6bYW9h1Z_xg", "snippet": "Trading times and days affected may vary depending on the holiday. Download \nthe ... Dr. Martin Luther King, Jr. 15-19 January 2016 ... Good Friday, 24-28 March \n2016 ... Independence Day, 1-5 July 2016 ... Columbus Day, 10 October 2016.", "related_links": null, "title": "CME Group Holiday Calendar"}, {"url": "/url?q=http://www.epromos.com/education/calendars/&sa=U&ved=0ahUKEwju56OPzPfPAhXIOiYKHQNABnEQFgiAAzBd&usg=AFQjCNEfxa-O4lM9BynDu_Zu-_WrZw8Xxw", "snippet": "Celebrated in the month of October, this week is dedicated to recognizing the ... \nFebruary; March; April; May; June; July; August; September; October; November\n...", "related_links": null, "title": "Promotional & Awareness Event Calendar"}, {"url": "/url?q=https://www.naic.edu/%7Egibson/cal/&sa=U&ved=0ahUKEwju56OPzPfPAhXIOiYKHQNABnEQFgiEAzBe&usg=AFQjCNEamSaNj3NB_tdU48bj8ihPrcp0UA", "snippet": "This date and three others like it are known as the Cross-Quarter Days, ... U.S. \nDaylight Savings Time (clocks 1 hour forward) March 15 - Ides of March - 1st ... \nGood Friday April 1 - All Fool's Day (old new year's day) April 30 - May Eve or ... (\"\nDay of Atonement\") October 2nd Monday - Thanksgiving (Canada) October 31...", "related_links": null, "title": "Common Holidays in Relation to Equinoxes, Solstices & Cross ..."}, {"url": "/url?q=http://www.womansday.com/&sa=U&ved=0ahUKEwju56OPzPfPAhXIOiYKHQNABnEQFgiIAzBf&usg=AFQjCNEGOBPeuICbNhclUdElEpZuDrn4pA", "snippet": "Make Woman's Day your source for healthy recipes, relationship advice and DIY \nhome ... Woman's Day is the destination of choice for women who want to live \nwell. ... Oct 24, 2016. Share. 15 Ways to Add a Pretty Touch of Color to Your Hair.", "related_links": null, "title": "Woman's Day: Healthy Recipes and Relationship Advice to Live ..."}, {"url": "/url?q=http://press.visitberlin.de/en/news-release/berlin-highlights-2015&sa=U&ved=0ahUKEwju56OPzPfPAhXIOiYKHQNABnEQFgiMAzBg&usg=AFQjCNGiwYD6kQct9H1uONpbPEB2eJXdAA", "snippet": "Oct 30, 2016 ... East Side Gallery, since March 2016, www.thewallmuseum.com ... of \nchoreographer Pina Bausch and her company from March to July for the first time \nin form of an exhibition. ... Martin-Gropius-Bau, 15 September 2016-9 January \n2017, ... Deutsches Historisches Museum, 14 October 2016-14 May 2017,...", "related_links": null, "title": "Berlin Highlights 2016-2017 - visitBerlin.de"}, {"url": "/url?q=http://www.southstreetseaport.com/events/&sa=U&ved=0ahUKEwju56OPzPfPAhXIOiYKHQNABnEQFgiRAzBh&usg=AFQjCNHeRR_owVzxPeCXrFVg6Hh-E6UMpw", "snippet": "FRIDAY MAY 27TH TO FALL ... Smorgasburg will be located within the recently \nrenovated Fulton Market Building from May 27 through the fall. ... SATURDAY \nOCTOBER 15 TO OCTOBER 23 ... WEDNESDAY MARCH 16TH- ONGOING ... 1 \nday ago 105 @ipictheaters has your perfect date night covered. ... Good Night \nNYC!", "related_links": null, "title": "South Street Seaport, New York City, NY - Events"}, {"url": "/url?q=https://www.tdcanadatrust.com/customer-service/contact-us/holiday-branch-hours.jsp&sa=U&ved=0ahUKEwju56OPzPfPAhXIOiYKHQNABnEQFgiVAzBi&usg=AFQjCNEGwUrz8S9mZxoEyua9wQ_4vLPIwg", "snippet": "Monday, February 8th. Family Day (Alberta, Saskatchewan, and Ontario). \nMonday, February 15th ... Good Friday. Friday, March 25th and Sunday, March \n27th. Victoria Day. Sunday, May 22nd and Monday, May 23rd. National ... \nSunday branches closed on Sunday, July 31st ... Sunday, October 9th and \nMonday, October 10th.", "related_links": null, "title":