the European United Left - Nordic Green Left 02:30 Europe of freedom and democracy Group 02:30 Non-attached Members 02:30 "Catch the eye" 3 02:00 Union for the Mediterranean A7-0133/2010 Vincent Peillon Committee on Foreign Affairs Amendments Wednesday, 12 May 2010 12:00 The need for an EU strategy for the South Caucasus A7-0123/2010 Evgeni Kirilov Committee on Foreign Affairs Amendments Wednesday, 12 May 2010 12:00 Community financial assistance with respect to the decommissioning of Units 1 to 4 of the Kozloduy Nuclear Power Plant in Bulgaria “Kozloduy Programme” A7-0142/2010 Rebecca Harms Committee on Industry, Research and Energy Amendments Wednesday, 12 May 2010 12:00 Europe 2020 Motions for resolutions Monday, 17 May 2010 19:00 Amendments and joint motions for resolutions Wednesday, 19 May 2010 10:00 Amendments to joint motions for resolutions Wednesday, 19 May 2010 11:00 Requests for "separate", "split" and "roll-call" votes Wednesday, 19 May 2010 17:00 Implementation of the synergies of research and innovation earmarked funds in Regulation (EC) No 1080/2006 concerning the European Fund of Regional Development and the Seventh Framework Programme for Research and Development A7-0138/2010 Lambert van Nistelrooij Committee on Regional Development Amendments by the rapporteur, 74 MEPs at least; Alternative motions for resolutions Wednesday, 12 May 2010 12:00 Joint alternative motions for resolutions Monday, 17 May 2010 19:00 Long-term sustainability of public finances for a recovering economy A7-0147/2010 Liem Hoang Ngoc Group of the Progressive Alliance of Socialists and Democrats in the European Parliament Amendments by the rapporteur, 74 MEPs at least; Alternative motions for resolutions Wednesday, 12 May 2010 12:00 Joint alternative motions for resolutions Monday, 17 May 2010 19:00 Contribution of the Cohesion policy to the achievement of Lisbon and the EU2020 objectives A7-0129/2010 Ricardo Cortés Lastra Committee on Regional Development Amendments Monday, 17 May 2010 19:00 Religious freedom in Pakistan Motions for resolutions ( Rule 122 ) Monday, 17 May 2010 20:00 Amendments and joint motions for resolutions ( Rule 122 ) Wednesday, 19 May 2010 13:00 Amendments to joint motions for resolutions Wednesday, 19 May 2010 14:00 Situation in Thailand Motions for resolutions ( Rule 122 ) Monday, 17 May 2010 20:00 Amendments and joint motions for resolutions ( Rule 122 ) Wednesday, 19 May 2010 13:00 Amendments to joint motions for resolutions Wednesday, 19 May 2010 14:00 Burma Motions for resolutions ( Rule 122 ) Monday, 17 May 2010 20:00 Amendments and joint motions for resolutions ( Rule 122 ) Wednesday, 19 May 2010 13:00 Amendments to joint motions for resolutions Wednesday, 19 May 2010 14:00