"title": "Thanksgiving Day Facts: Pilgrims, Dinner, Parades, More"}, {"url": "/url?q=http://news.nationalgeographic.com/news/2013/11/131122-thanksgiving-2013-dinner-recipes-pilgrims-day-parade-history-facts/&sa=U&ved=0ahUKEwj4v4eh_P7PAhXBdSYKHWQxAL8QFgg0MAg&usg=AFQjCNEP0SF2zTibdR2oDJR3IItCbzIQvQ", "snippet": "Nov 23, 2013 ... Get the lowdown on Thanksgiving history, holiday travel, football, feasting, and \nmore. ... About 46 million of those turkeys ended up on U.S. dinner tables last .... \ncelebrates its own Thanksgiving Day the second Monday in October. ... at least \nonce Canada's Thanksgiving occurred as late as December.", "related_links": null, "title": "Thanksgiving 2013: What to Know About Turkey Day"}, {"url": "/url?q=http://www.discoverfrance.net/France/DF_holidays.shtml&sa=U&ved=0ahUKEwj4v4eh_P7PAhXBdSYKHWQxAL8QFgg5MAk&usg=AFQjCNE9eU97Mckb7w8ar306hoHQQIg0YA", "snippet": "The French enjoy 11 national holidays and 5 weeks of paid vacations annually. ... \nweek, so be prepared for stores, banks and museums to shut their doors for days \nat a time. ... Consequently, traveling in France during August is generally not .... (\nCanada and the U.S. celebrate Labor Day on the first Monday of September.).", "related_links": null, "title": "French National Holidays, Festivals, Religious Celebrations"}, {"url": "/url?q=http://www.cathyswebpage.com/thanksgiving.htm&sa=U&ved=0ahUKEwj4v4eh_P7PAhXBdSYKHWQxAL8QFgg9MAo&usg=AFQjCNG8KM6id5EofCpDpSD89nMRqJ36TA", "snippet": "Like the United States , Canada gives thanks for its good fortune once a year ... \nThanksgiving meal on any one of the three days of this three-day holiday \nweekend. ... 4), Thanksgiving Day is celebrated on the second Monday in \nOctober in Canada ... This is usually somewhere in late fall when the crops have \nbeen harvested.", "related_links": null, "title": "Cathy's Thanksgiving Day\" page"}, {"url": "/url?q=http://www.redtail.org/blog/page/46/&sa=U&ved=0ahUKEwj4v4eh_P7PAhXBdSYKHWQxAL8QFghAMAs&usg=AFQjCNHkjzkxN4ufhQht2Oc4CHLi8m5kyA", "snippet": "Nov 30, 2012 ... Because both of us contracted bad colds on the trip, we'd made the ... and others \nflew the airship Norge over the North Pole three days later. .... 6 was declared \nan official national Canadian Thanksgiving holiday in 1879. ... it on a Monday in \nOctober, the actual celebration in Canada is a lot like it is here.", "related_links": null, "title": "46 - Red Tail Squadron"}, {"url": "/url?q=https://food52.com/blog/18128-canadian-thanksgiving-is-today-but-most-americans-probably-wouldn-t-know-it&sa=U&ved=0ahUKEwj4v4eh_P7PAhXBdSYKHWQxAL8QFghEMAw&usg=AFQjCNFXPgmLPiwS7aMSX2sLftCkLk1PZA", "snippet": "Oct 10, 2016 ... Canadian Thanksgiving is Today (But Most Americans Probably ... the second \nMonday in October, Canadians celebrate Thanksgiving. ... Despite the holiday's \nlong historyand its similiarities with the U.S. .... 15 days ago Sara Ann Brown ... \nPie (usually apple and/or pumpkin) are what the vast majority of...", "related_links": null, "title": "Canadian Thanksgiving 2016 - Food52"}, {"url": "/url?q=https://cran.r-project.org/web/packages/splusTimeDate/splusTimeDate.pdf&sa=U&ved=0ahUKEwj4v4eh_P7PAhXBdSYKHWQxAL8QFghIMA0&usg=AFQjCNH76GQC-x6_pTls4WZGVr-J9PKT4Q", "snippet": "May 10, 2016 ... Version 2.5.0-137 .... returns an ordered factor corresponding to days, weekdays, \nmonths, ... and which are accessed together and would usually be expected to be \nprinted ..... Canada Canadian Thanksgiving Day: the 2nd Monday in October. ... \nIn 1971, many U.S. holidays were changed to fall on Mondays,...", "related_links": null, "title": "Package 'splusTimeDate' - CRAN"}, {"url": "/url?q=https://www.cheapair.com/blog/travel-tips/how-far-in-advance-should-you-book-an-international-flight/&sa=U&ved=0ahUKEwj4v4eh_P7PAhXBdSYKHWQxAL8QFghNMA4&usg=AFQjCNETD_cybHJ2bVpGouybY51z-hwOtg", "snippet": "Feb 11, 2015 ... For one-way flights to Quebec, Canada on October 17th, fares are ..... As it is over \na holiday, should we be booking flights now or should we wait? ...... peruse the \n2015 version that suggests 90 days out is typically going to .... Happy to leave on \na Monday instead of a Sunday etc. if that makes things cheaper.", "related_links": null, "title": "How far in advance should you book an international flight? | CheapAir"}, {"url": "/url?q=http://medellinliving.com/colombia-festivos-holidays/&sa=U&ved=0ahUKEwj4v4eh_P7PAhXBdSYKHWQxAL8QFghRMA8&usg=AFQjCNGlBQDocsrAtTf8LqIOOPP9bMpetQ", "snippet": "Jul 29, 2015 ... We Colombians love our holidays, or festivos, but do we always know what it ... \nThere are