a complete ... - Google Books Result"}, {"url": "https://books.google.com/books?id=S-dJAQAAMAAJ&pg=PA152&lpg=PA152&dq=The+15th+day+of+May,+July+or+October,+as+well+as+March&source=bl&ots=u6dH8dgeqi&sig=Iy0hCpZDZtID8RZBrjQtZle0SkI&hl=en&sa=X&ved=0ahUKEwju56OPzPfPAhXIOiYKHQNABnEQ6AEIaTAW", "snippet": null, "related_links": null, "title": "Acts and Joint Resolutions of the General Assembly of the ... - Google Books Result"}, {"url": "/url?q=http://www.merriam-webster.com/dictionary/ides&sa=U&ved=0ahUKEwju56OPzPfPAhXIOiYKHQNABnEQFghrMBc&usg=AFQjCNEHpCfnwWZkAlWabpQcIIFAqnw-tw", "snippet": "noun plural but singular or plural in construction \\dz\\. Simple Definition of ides. : \nthe 15th day of March, May, July, or October or the 13th day of any other month...", "related_links": null, "title": "Ides | Definition of Ides by Merriam-Webster"}, {"url": "/url?q=http://www.smithsonianmag.com/history/top-ten-reasons-to-beware-the-ides-of-march-8664107/&sa=U&ved=0ahUKEwju56OPzPfPAhXIOiYKHQNABnEQFghvMBg&usg=AFQjCNH7u_E73dTog5UeUhbvq2LkTZTiUA", "snippet": "Mar 4, 2010 ... March 15 will live in infamy beyond the murder of Julius Caesar. ... Actually, the \nNones fell on the 7th and the Ides on the 15th only in March, May, July, and \nOctober. ... Ides of March also was significant years ago as Tax Day..later \nextended ... Thanks for writing the above it's as good a place as any to start.", "related_links": null, "title": "Top Ten Reasons to Beware the Ides of March | History | Smithsonian"}, {"url": "https://books.google.com/books?id=yCsoAAAAYAAJ&pg=PA520&lpg=PA520&dq=The+15th+day+of+May,+July+or+October,+as+well+as+March&source=bl&ots=-FKF_fc8tf&sig=kY80xZlTzpLP_0yDVJi32bpzZJg&hl=en&sa=X&ved=0ahUKEwju56OPzPfPAhXIOiYKHQNABnEQ6AEIdDAZ", "snippet": null, "related_links": null, "title": "The European Magazine, and London Review - Google Books Result"}, {"url": "/url?q=http://ltl.upsfreight.com/shipping/instructions/Index.aspx%3Fp%3DHOL&sa=U&ved=0ahUKEwju56OPzPfPAhXIOiYKHQNABnEQFgh2MBo&usg=AFQjCNE6Lx4cMJQVrTGo5H6lU_KktU1CMQ", "snippet": "View the UPS Freight schedule for a list of holidays and limited service days for \nthe United ... Memorial Day - Monday, May 30, 2016. Independence Day - \nMonday, July 4, 2016 ... Good Friday - Friday March 25, 2016 ... Islander Day - \nMonday, February 15, 2016 - PEI ... Thanksgiving Day - Monday, October 10, \n2016 (All).", "related_links": null, "title": "UPS Freight : Holiday Schedule"}, {"url": "/url?q=http://www.vpcalendar.net/QuickRef/Zodiac.html&sa=U&ved=0ahUKEwju56OPzPfPAhXIOiYKHQNABnEQFgh6MBs&usg=AFQjCNGwrHkBH6zOFC0uxrDq80kSlPZ_xA", "snippet": "May 21, June 20, 31, June 15, July 16, June 20, July 20, 31 ... August 23, \nSeptember 22, 31, September 17, October 17, September 16, October 30, 45.", "related_links": null, "title": "Zodiac Calendar - Zodiac Signs Calendar | VP Calendar"}, {"url": "/url?q=http://www.activityvillage.co.uk/holiday-calendar&sa=U&ved=0ahUKEwju56OPzPfPAhXIOiYKHQNABnEQFgh-MBw&usg=AFQjCNEC2tTr6UdInBTcEeU7TGiQOgnKOg", "snippet": "4th October: World Animal Day. 10th October: ... 15th February: National Flag of \nCanada Day. 20th February: ... 26th March: Mother's Day (UK). 10th - 18th ... 5th \nMay: Children's Day (Japan). 10th May: ... Canada Day. 4th July: Fourth of July.", "related_links": null, "title": "Holiday Calendar - Activity Village"}, {"url": "/url?q=http://www.holidayinsights.com/everyday.htm&sa=U&ved=0ahUKEwju56OPzPfPAhXIOiYKHQNABnEQFgiCATAd&usg=AFQjCNF7NCNeigl9MgovnPdvhupFZx8sMA", "snippet": "2016 - 2017 Calendar Holidays and special days. ... March. 8 International \nWomen's Day; 13 Daylight Savings Begins at 2:00 a.m.; 15 Ides of ... Day 1st \nFriday; 15 Income taxes due (most years it is due on the 15th); 18 Patriot's Day \nThird ... (Canada) - usually the 24th; 30 Memorial Day Daily May holidays and \nspecial days.", "related_links": null, "title": "Major Holidays - Holiday Insights"}, {"url": "/url?q=http://estonia.eu/about-estonia/country/estonian-holidays.html&sa=U&ved=0ahUKEwju56OPzPfPAhXIOiYKHQNABnEQFgiGATAe&usg=AFQjCNEXCq_NTKRmqZYhE_hteILItlsiHQ", "snippet": "15 May - Pentecost 23 June - Victory Day (Vidupha) commemorates the victory \nof Estonian forces ... The evening of the 23rd and well into the morning of the \n24th is celebrated ... Another largest deportation took place in March 1949, when \nmore than ... On the third Saturday of October, \"Tribal Day\" is celebrated in \nEstonia.", "related_links": null, "title": "Estonian Holidays in 2016 - estonia.eu"}, {"url": "/url?q=http://www.ct.gov/dmv/cwp/view.asp%3FQ%3D244562&sa=U&ved=0ahUKEwju56OPzPfPAhXIOiYKHQNABnEQFgiKATAf&usg=AFQjCNFpLsuedPIpHnZEM_t_ljM7MrvzvA", "snippet": "Jan 5, 2016 ... Tuesday, February 16 -. Offices reopen at 7:45 a.m.. Good Friday. Friday, March \n25. Friday, March 25 -. Closed. Memorial Day. Monday, May 30.", "related_links":