Agenda Strasbourg Monday 9 May 2005 - Thursday 12 May 2005 Brussels Wednesday 25 May 2005 - Thursday 26 May 2005 -//EP//TEXT AGENDA 20050509 LEG DOC XML V0//EN -//EP//TEXT AGENDA 20050509 TOC DOC XML V0//EN -//EP//TEXT AGENDA 20050509 SIT DOC XML V0//EN -//EP//TEXT AGENDA 20050510 SIT DOC XML V0//EN -//EP//TEXT AGENDA 20050511 SIT DOC XML V0//EN -//EP//TEXT AGENDA 20050512 SIT DOC XML V0//EN -//EP//TEXT AGENDA 20050525 LEG DOC XML V0//EN -//EP//TEXT AGENDA 20050525 TOC DOC XML V0//EN -//EP//TEXT AGENDA 20050525 SIT DOC XML V0//EN -//EP//TEXT AGENDA 20050526 SIT DOC XML V0//EN