Saturday of October, \"Tribal Day\" is celebrated in \nEstonia.", "related_links": null, "title": "Estonian Holidays in 2016 - estonia.eu"}, {"url": "/url?q=http://www.ct.gov/dmv/cwp/view.asp%3FQ%3D244562&sa=U&ved=0ahUKEwju56OPzPfPAhXIOiYKHQNABnEQFgiKATAf&usg=AFQjCNFpLsuedPIpHnZEM_t_ljM7MrvzvA", "snippet": "Jan 5, 2016 ... Tuesday, February 16 -. Offices reopen at 7:45 a.m.. Good Friday. Friday, March \n25. Friday, March 25 -. Closed. Memorial Day. Monday, May 30.", "related_links": null, "title": "DMV: Holiday Closing Schedule - CT.gov"}, {"url": "/url?q=http://visitsanantonio.com/english/Explore-San-Antonio/Events/Major-Events-And-Festivals&sa=U&ved=0ahUKEwju56OPzPfPAhXIOiYKHQNABnEQFgiOATAg&usg=AFQjCNFdU4xxnXv6jFhCfCBQuaegqaxK-A", "snippet": "Each weekend in October, enjoy kid-friendly shows during the day, but ... Savor \nSan Antonio brews as well as beers from around the world plus live .... March \nTBD: Murphy's St. Patrick's Day River Parade & Festival ... May 2017. May 5: \nCinco de Mayo Celebrations commemorate the Mexican .... 9, 10, 11, 12, 13, 14, \n15.", "related_links": null, "title": "Click here for a listing of annual major events and ... - San Antonio"}, {"url": "/url?q=http://www.georgebrown.ca/registernow/documents/religious-holidays.pdf&sa=U&ved=0ahUKEwju56OPzPfPAhXIOiYKHQNABnEQFgiSATAh&usg=AFQjCNHdrKyMIvXNE5LuQ-QtlqhFt0ZFsw", "snippet": "Feb 2, 2016 ... When the religious holy days fall on a Saturday or Sunday, accommodation is \nnecessary ... March 25, 2016 ... July 9, 2016 ... Note: In the Western world, some \nfestivals may be ... October 15, 2016 .... Orthodox Good Friday.", "related_links": null, "title": "2016 List of Religious Holy Days - George Brown College"}, {"url": "/url?q=https://www.nycourts.gov/admin/holidayschedule.shtml&sa=U&ved=0ahUKEwju56OPzPfPAhXIOiYKHQNABnEQFgiWATAi&usg=AFQjCNELhesAGiuduBgp-SWYY2RUSvREdQ", "snippet": "3, February 29, March 27. 4, March 28, April 24. 5, April 25, May 22. 6, May 23, \nJune 19. 7, June 20, July 17. 8, July 18, August 14. 9, August 15, September 11 ... \n1 Columbus Day will be observed on Monday, October 10, 2016; accordingly,...", "related_links": null, "title": "COURT TERMS & HOLIDAYS - N.Y. State Courts"}, {"url": "/url?q=http://www.officeholidays.com/countries/spain/&sa=U&ved=0ahUKEwju56OPzPfPAhXIOiYKHQNABnEQFgiaATAj&usg=AFQjCNEmUIeF-Xn6jpdkJ3S8Ml9AM_Dlkw", "snippet": "1 November 2016 This National holiday is in 8 days. ... Friday, March 25 Mar 25, \nGood Friday, Friday before Easter Sunday ... Monday, May 30 May 30, Canary \nIslands, The first session of the autonomous Canary Islands Parliament was May \n30, ... Monday, July 25 Jul 25, St James Day, Feast day of St. James, patron saint \nof...", "related_links": null, "title": "Public Holidays in Spain in 2016 | Office Holidays"}, {"url": "/url?q=https://www.ricksteves.com/europe/ireland/festivals&sa=U&ved=0ahUKEwju56OPzPfPAhXIOiYKHQNABnEQFgieATAk&usg=AFQjCNE0xkMSO8iifRT6iQ7WAP8m5kAz-A", "snippet": "October 31: October Bank Holiday, Republic of Ireland (closures) ... March 1619\n: St. Patrick's Festival, Dublin (parades, music, arts) ... April 14: Good Friday (\nclosures) ... May 1: May Day/Labor Day; Early May Bank Holiday in Northern \nIreland ... July 31August 6: Galway Races (horse races) ... August 15: Kenmare \nFair.", "related_links": null, "title": "Holidays and Festivals in Ireland 20162017 | Rick Steves' Europe"}, {"url": "/url?q=http://www.courts.ca.gov/holidays.htm&sa=U&ved=0ahUKEwju56OPzPfPAhXIOiYKHQNABnEQFgiiATAl&usg=AFQjCNFJ6vHLWE6GYLFhlI6UOSPBieJb2A", "snippet": "Washington's Birthday, Monday, February 15. Csar Chvez Day, Thursday, \nMarch 31. Memorial Day, Monday, May 30. Independence Day, Monday, July 4. \nLabor Day, Monday, September 5. Columbus Day, Monday, October 10. \nVeterans...", "related_links": null, "title": "Court Holidays - CA_courts - California Courts"}, {"url": "/url?q=http://en.chateauversailles.fr/prepare-my-visit-/single/tickets-and-rates/billets-et-tarifs/les-grandes-eaux-1-en&sa=U&ved=0ahUKEwju56OPzPfPAhXIOiYKHQNABnEQFgimATAm&usg=AFQjCNEvuyJHP68HzC0f798GuNV3co_MNQ", "snippet": "Water Theater Grove : water display every 15 minutes from 10am to 6:30pm ... \nTuesdays from March 29 to May 17 and Tuesdays from July 5 to October 25 2016\n, as well as Fridays from July 1st to September 30 2016. ... On Fountain Show \ndays and on Musical Garden days, check if you are entitled to free admission \nbefore...", "related_links": null, "title": "Musical Fountains Show